Patient_ID,Department,Appointment_Time,Registration_Time,Consultation_Time,Discharge_Time,Doctor,Day,Appointment_Type
P001,General Medicine,2026-09-01 14:00:00,2026-09-01 14:12:00,2026-09-01 14:43:00,2026-09-01 14:55:00,Dr. Ravi,Tuesday,Follow-up
P002,Dermatology,2026-09-02 10:00:00,2026-09-02 10:26:00,2026-09-02 10:41:00,2026-09-02 11:13:00,Dr. Karthik,Wednesday,Routine Checkup
P003,Orthopedics,2026-09-03 11:30:00,2026-09-03 11:40:00,2026-09-03 12:22:00,2026-09-03 12:55:00,Dr. Kumar,Thursday,Emergency
P004,Pediatrics,2026-09-04 11:00:00,2026-09-04 11:36:00,2026-09-04 12:19:00,2026-09-04 12:31:00,Dr. Suresh,Friday,Emergency
P005,Pediatrics,2026-09-05 15:00:00,2026-09-05 15:36:00,2026-09-05 16:05:00,2026-09-05 16:37:00,Dr. Divya,Saturday,Routine Checkup
P006,Dermatology,2026-09-06 16:00:00,2026-09-06 16:10:00,2026-09-06 16:35:00,2026-09-06 17:07:00,Dr. Karthik,Sunday,Follow-up
P007,Cardiology,2026-09-07 12:30:00,2026-09-07 12:45:00,2026-09-07 13:25:00,2026-09-07 14:07:00,Dr. Arun,Monday,New Patient
P008,Pediatrics,2026-09-08 10:45:00,2026-09-08 11:02:00,2026-09-08 11:47:00,2026-09-08 12:08:00,Dr. Divya,Tuesday,Follow-up
P009,Dermatology,2026-09-09 10:15:00,2026-09-09 10:24:00,2026-09-09 10:49:00,2026-09-09 11:22:00,Dr. Nisha,Wednesday,New Patient
P010,Dermatology,2026-09-10 14:45:00,2026-09-10 15:01:00,2026-09-10 15:30:00,2026-09-10 15:49:00,Dr. Nisha,Thursday,New Patient
P011,Dermatology,2026-09-11 16:15:00,2026-09-11 16:40:00,2026-09-11 17:24:00,2026-09-11 17:51:00,Dr. Karthik,Friday,Emergency
P012,Dermatology,2026-09-12 16:00:00,2026-09-12 16:05:00,2026-09-12 16:19:00,2026-09-12 16:36:00,Dr. Nisha,Saturday,Routine Checkup
P013,Cardiology,2026-09-13 09:00:00,2026-09-13 09:22:00,2026-09-13 09:45:00,2026-09-13 10:09:00,Dr. Priya,Sunday,New Patient
P014,Orthopedics,2026-09-14 12:45:00,2026-09-14 13:02:00,2026-09-14 13:59:00,2026-09-14 14:16:00,Dr. Kumar,Monday,Emergency
P015,Dermatology,2026-09-01 09:00:00,2026-09-01 09:05:00,2026-09-01 09:11:00,2026-09-01 09:31:00,Dr. Karthik,Tuesday,Follow-up
P016,General Medicine,2026-09-02 09:15:00,2026-09-02 09:37:00,2026-09-02 09:52:00,2026-09-02 10:27:00,Dr. Anitha,Wednesday,Follow-up
P017,Cardiology,2026-09-03 11:00:00,2026-09-03 11:31:00,2026-09-03 12:34:00,2026-09-03 12:56:00,Dr. Priya,Thursday,Emergency
P018,Orthopedics,2026-09-04 14:00:00,2026-09-04 14:36:00,2026-09-04 15:27:00,2026-09-04 15:39:00,Dr. Kumar,Friday,Follow-up
P019,Cardiology,2026-09-05 11:00:00,2026-09-05 11:17:00,2026-09-05 12:04:00,2026-09-05 12:30:00,Dr. Arun,Saturday,New Patient
P020,General Medicine,2026-09-06 09:45:00,2026-09-06 10:03:00,2026-09-06 10:31:00,2026-09-06 10:42:00,Dr. Anitha,Sunday,Emergency
P021,General Medicine,2026-09-07 12:00:00,2026-09-07 12:23:00,2026-09-07 12:58:00,2026-09-07 13:22:00,Dr. Ravi,Monday,New Patient
P022,Cardiology,2026-09-08 09:15:00,2026-09-08 09:32:00,2026-09-08 09:54:00,2026-09-08 10:23:00,Dr. Arun,Tuesday,Follow-up
P023,General Medicine,2026-09-09 09:30:00,2026-09-09 09:42:00,2026-09-09 10:13:00,2026-09-09 10:37:00,Dr. Ravi,Wednesday,Emergency
P024,Cardiology,2026-09-10 11:00:00,2026-09-10 11:13:00,2026-09-10 12:07:00,2026-09-10 12:34:00,Dr. Priya,Thursday,New Patient
P025,Dermatology,2026-09-11 11:45:00,2026-09-11 12:16:00,2026-09-11 12:33:00,2026-09-11 13:00:00,Dr. Nisha,Friday,New Patient
P026,Orthopedics,2026-09-12 14:30:00,2026-09-12 14:44:00,2026-09-12 15:28:00,2026-09-12 15:48:00,Dr. Meena,Saturday,Routine Checkup
P027,Orthopedics,2026-09-13 15:30:00,2026-09-13 15:52:00,2026-09-13 16:14:00,2026-09-13 16:35:00,Dr. Meena,Sunday,Routine Checkup
P028,Pediatrics,2026-09-14 14:15:00,2026-09-14 14:40:00,2026-09-14 15:19:00,2026-09-14 15:53:00,Dr. Suresh,Monday,New Patient
P029,Dermatology,2026-09-01 15:45:00,2026-09-01 16:00:00,2026-09-01 16:33:00,2026-09-01 17:08:00,Dr. Karthik,Tuesday,Follow-up
P030,General Medicine,2026-09-02 14:15:00,2026-09-02 14:33:00,2026-09-02 15:03:00,2026-09-02 15:30:00,Dr. Ravi,Wednesday,New Patient
P031,Pediatrics,2026-09-03 10:15:00,2026-09-03 10:30:00,2026-09-03 11:26:00,2026-09-03 11:39:00,Dr. Divya,Thursday,Emergency
P032,Orthopedics,2026-09-04 15:30:00,2026-09-04 15:51:00,2026-09-04 16:31:00,2026-09-04 17:07:00,Dr. Meena,Friday,New Patient
P033,Pediatrics,2026-09-05 10:00:00,2026-09-05 10:29:00,2026-09-05 10:57:00,2026-09-05 11:30:00,Dr. Suresh,Saturday,Follow-up
P034,Pediatrics,2026-09-06 15:30:00,2026-09-06 15:48:00,2026-09-06 16:38:00,2026-09-06 17:07:00,Dr. Divya,Sunday,Routine Checkup
P035,Dermatology,2026-09-07 12:45:00,2026-09-07 12:59:00,2026-09-07 13:53:00,2026-09-07 14:13:00,Dr. Karthik,Monday,Emergency
P036,Orthopedics,2026-09-08 12:45:00,2026-09-08 12:52:00,2026-09-08 13:36:00,2026-09-08 13:56:00,Dr. Meena,Tuesday,Follow-up
P037,General Medicine,2026-09-09 09:15:00,2026-09-09 09:24:00,2026-09-09 09:39:00,2026-09-09 10:13:00,Dr. Ravi,Wednesday,Follow-up
P038,Dermatology,2026-09-10 09:45:00,2026-09-10 10:05:00,2026-09-10 10:32:00,2026-09-10 10:42:00,Dr. Karthik,Thursday,Routine Checkup
P039,Pediatrics,2026-09-11 15:00:00,2026-09-11 15:35:00,2026-09-11 15:57:00,2026-09-11 16:32:00,Dr. Suresh,Friday,Follow-up
P040,Pediatrics,2026-09-12 12:30:00,2026-09-12 12:40:00,2026-09-12 13:14:00,2026-09-12 13:44:00,Dr. Divya,Saturday,Routine Checkup
P041,Orthopedics,2026-09-13 10:45:00,2026-09-13 11:01:00,2026-09-13 11:37:00,2026-09-13 11:51:00,Dr. Meena,Sunday,Routine Checkup
P042,Orthopedics,2026-09-14 10:45:00,2026-09-14 11:16:00,2026-09-14 12:15:00,2026-09-14 12:51:00,Dr. Kumar,Monday,New Patient
P043,Dermatology,2026-09-01 16:00:00,2026-09-01 16:05:00,2026-09-01 16:23:00,2026-09-01 16:50:00,Dr. Nisha,Tuesday,Routine Checkup
P044,Pediatrics,2026-09-02 14:15:00,2026-09-02 14:48:00,2026-09-02 15:51:00,2026-09-02 16:15:00,Dr. Suresh,Wednesday,Emergency
P045,Pediatrics,2026-09-03 16:00:00,2026-09-03 16:25:00,2026-09-03 16:49:00,2026-09-03 17:09:00,Dr. Suresh,Thursday,New Patient
P046,Pediatrics,2026-09-04 11:15:00,2026-09-04 11:40:00,2026-09-04 12:24:00,2026-09-04 12:35:00,Dr. Divya,Friday,Emergency
P047,Orthopedics,2026-09-05 16:30:00,2026-09-05 16:35:00,2026-09-05 16:59:00,2026-09-05 17:21:00,Dr. Kumar,Saturday,New Patient
P048,Dermatology,2026-09-06 10:00:00,2026-09-06 10:24:00,2026-09-06 10:48:00,2026-09-06 11:01:00,Dr. Karthik,Sunday,Routine Checkup
P049,Dermatology,2026-09-07 12:30:00,2026-09-07 12:41:00,2026-09-07 13:10:00,2026-09-07 13:29:00,Dr. Nisha,Monday,Routine Checkup
P050,Dermatology,2026-09-08 15:00:00,2026-09-08 15:35:00,2026-09-08 16:18:00,2026-09-08 16:43:00,Dr. Karthik,Tuesday,Emergency
P051,Pediatrics,2026-09-09 09:30:00,2026-09-09 09:40:00,2026-09-09 10:15:00,2026-09-09 10:49:00,Dr. Suresh,Wednesday,Routine Checkup
P052,Dermatology,2026-09-10 12:45:00,2026-09-10 12:57:00,2026-09-10 13:50:00,2026-09-10 14:18:00,Dr. Nisha,Thursday,Emergency
P053,General Medicine,2026-09-11 14:45:00,2026-09-11 15:05:00,2026-09-11 15:39:00,2026-09-11 15:57:00,Dr. Ravi,Friday,Routine Checkup
P054,Dermatology,2026-09-12 15:30:00,2026-09-12 15:44:00,2026-09-12 16:16:00,2026-09-12 16:46:00,Dr. Karthik,Saturday,Follow-up
P055,Cardiology,2026-09-13 14:45:00,2026-09-13 15:09:00,2026-09-13 16:26:00,2026-09-13 16:52:00,Dr. Arun,Sunday,Emergency
P056,General Medicine,2026-09-14 11:30:00,2026-09-14 11:52:00,2026-09-14 12:58:00,2026-09-14 13:32:00,Dr. Anitha,Monday,Emergency
P057,Orthopedics,2026-09-01 14:15:00,2026-09-01 14:47:00,2026-09-01 15:40:00,2026-09-01 15:50:00,Dr. Meena,Tuesday,Emergency
P058,General Medicine,2026-09-02 14:15:00,2026-09-02 14:46:00,2026-09-02 15:11:00,2026-09-02 15:48:00,Dr. Ravi,Wednesday,New Patient
P059,Cardiology,2026-09-03 11:15:00,2026-09-03 11:25:00,2026-09-03 12:11:00,2026-09-03 12:25:00,Dr. Priya,Thursday,Routine Checkup
P060,Cardiology,2026-09-04 10:30:00,2026-09-04 11:05:00,2026-09-04 12:17:00,2026-09-04 12:50:00,Dr. Arun,Friday,New Patient
P061,General Medicine,2026-09-05 15:45:00,2026-09-05 16:02:00,2026-09-05 16:22:00,2026-09-05 16:42:00,Dr. Ravi,Saturday,New Patient
P062,General Medicine,2026-09-06 11:45:00,2026-09-06 12:08:00,2026-09-06 12:48:00,2026-09-06 13:11:00,Dr. Ravi,Sunday,Follow-up
P063,Orthopedics,2026-09-07 09:15:00,2026-09-07 09:22:00,2026-09-07 09:44:00,2026-09-07 10:17:00,Dr. Meena,Monday,Follow-up
P064,Pediatrics,2026-09-08 15:30:00,2026-09-08 15:56:00,2026-09-08 16:28:00,2026-09-08 16:57:00,Dr. Suresh,Tuesday,Routine Checkup
P065,General Medicine,2026-09-09 09:45:00,2026-09-09 09:52:00,2026-09-09 10:24:00,2026-09-09 10:57:00,Dr. Anitha,Wednesday,New Patient
P066,Pediatrics,2026-09-10 15:15:00,2026-09-10 15:38:00,2026-09-10 16:41:00,2026-09-10 17:01:00,Dr. Divya,Thursday,Emergency
P067,General Medicine,2026-09-11 14:15:00,2026-09-11 14:41:00,2026-09-11 15:16:00,2026-09-11 15:36:00,Dr. Anitha,Friday,Routine Checkup
P068,Dermatology,2026-09-12 09:45:00,2026-09-12 10:03:00,2026-09-12 10:27:00,2026-09-12 11:01:00,Dr. Karthik,Saturday,Routine Checkup
P069,Cardiology,2026-09-13 12:45:00,2026-09-13 13:07:00,2026-09-13 13:55:00,2026-09-13 14:08:00,Dr. Arun,Sunday,Emergency
P070,Orthopedics,2026-09-14 09:15:00,2026-09-14 09:37:00,2026-09-14 09:54:00,2026-09-14 10:24:00,Dr. Meena,Monday,New Patient
P071,Pediatrics,2026-09-01 14:15:00,2026-09-01 14:48:00,2026-09-01 15:48:00,2026-09-01 16:17:00,Dr. Divya,Tuesday,Emergency
P072,Cardiology,2026-09-02 12:15:00,2026-09-02 12:30:00,2026-09-02 13:17:00,2026-09-02 13:50:00,Dr. Priya,Wednesday,Routine Checkup
P073,Orthopedics,2026-09-03 11:45:00,2026-09-03 12:11:00,2026-09-03 12:58:00,2026-09-03 13:30:00,Dr. Meena,Thursday,Routine Checkup
P074,Orthopedics,2026-09-04 10:45:00,2026-09-04 11:15:00,2026-09-04 12:00:00,2026-09-04 12:30:00,Dr. Meena,Friday,New Patient
P075,Cardiology,2026-09-05 10:30:00,2026-09-05 11:05:00,2026-09-05 11:29:00,2026-09-05 11:53:00,Dr. Priya,Saturday,New Patient
P076,General Medicine,2026-09-06 15:30:00,2026-09-06 15:57:00,2026-09-06 16:39:00,2026-09-06 17:11:00,Dr. Anitha,Sunday,New Patient
P077,Orthopedics,2026-09-07 14:30:00,2026-09-07 14:41:00,2026-09-07 15:09:00,2026-09-07 15:29:00,Dr. Kumar,Monday,Routine Checkup
P078,General Medicine,2026-09-08 15:30:00,2026-09-08 15:46:00,2026-09-08 16:22:00,2026-09-08 16:37:00,Dr. Anitha,Tuesday,Routine Checkup
P079,Dermatology,2026-09-09 10:45:00,2026-09-09 11:12:00,2026-09-09 11:44:00,2026-09-09 12:15:00,Dr. Karthik,Wednesday,Routine Checkup
P080,General Medicine,2026-09-10 09:45:00,2026-09-10 10:04:00,2026-09-10 10:32:00,2026-09-10 11:13:00,Dr. Ravi,Thursday,New Patient
P081,Orthopedics,2026-09-11 11:30:00,2026-09-11 11:45:00,2026-09-11 12:33:00,2026-09-11 12:43:00,Dr. Meena,Friday,Routine Checkup
P082,General Medicine,2026-09-12 16:45:00,2026-09-12 17:09:00,2026-09-12 17:41:00,2026-09-12 18:20:00,Dr. Ravi,Saturday,New Patient
P083,Dermatology,2026-09-13 10:15:00,2026-09-13 10:43:00,2026-09-13 11:08:00,2026-09-13 11:36:00,Dr. Nisha,Sunday,Follow-up
P084,Cardiology,2026-09-14 11:15:00,2026-09-14 11:38:00,2026-09-14 12:33:00,2026-09-14 12:51:00,Dr. Priya,Monday,Emergency
P085,General Medicine,2026-09-01 16:45:00,2026-09-01 17:04:00,2026-09-01 17:36:00,2026-09-01 18:22:00,Dr. Anitha,Tuesday,New Patient
P086,Cardiology,2026-09-02 16:30:00,2026-09-02 16:43:00,2026-09-02 17:32:00,2026-09-02 18:20:00,Dr. Priya,Wednesday,New Patient
P087,General Medicine,2026-09-03 10:45:00,2026-09-03 11:05:00,2026-09-03 11:39:00,2026-09-03 12:09:00,Dr. Ravi,Thursday,Follow-up
P088,Pediatrics,2026-09-04 15:30:00,2026-09-04 15:37:00,2026-09-04 15:59:00,2026-09-04 16:21:00,Dr. Suresh,Friday,Follow-up
P089,Dermatology,2026-09-05 11:45:00,2026-09-05 12:13:00,2026-09-05 12:56:00,2026-09-05 13:12:00,Dr. Karthik,Saturday,Routine Checkup
P090,General Medicine,2026-09-06 11:15:00,2026-09-06 11:48:00,2026-09-06 12:35:00,2026-09-06 13:06:00,Dr. Ravi,Sunday,Emergency
P091,Cardiology,2026-09-07 10:00:00,2026-09-07 10:15:00,2026-09-07 10:49:00,2026-09-07 11:23:00,Dr. Priya,Monday,Follow-up
P092,General Medicine,2026-09-08 10:00:00,2026-09-08 10:30:00,2026-09-08 11:08:00,2026-09-08 11:18:00,Dr. Ravi,Tuesday,Follow-up
P093,Dermatology,2026-09-09 11:15:00,2026-09-09 11:33:00,2026-09-09 12:02:00,2026-09-09 12:41:00,Dr. Nisha,Wednesday,New Patient
P094,Dermatology,2026-09-10 12:30:00,2026-09-10 12:51:00,2026-09-10 13:17:00,2026-09-10 13:43:00,Dr. Karthik,Thursday,Routine Checkup
P095,Cardiology,2026-09-11 11:00:00,2026-09-11 11:21:00,2026-09-11 12:22:00,2026-09-11 12:51:00,Dr. Priya,Friday,Routine Checkup
P096,General Medicine,2026-09-12 10:15:00,2026-09-12 10:48:00,2026-09-12 11:23:00,2026-09-12 11:53:00,Dr. Anitha,Saturday,Routine Checkup
P097,Pediatrics,2026-09-13 14:15:00,2026-09-13 14:43:00,2026-09-13 15:31:00,2026-09-13 15:54:00,Dr. Divya,Sunday,Follow-up
P098,General Medicine,2026-09-14 11:30:00,2026-09-14 11:39:00,2026-09-14 12:16:00,2026-09-14 12:51:00,Dr. Ravi,Monday,Routine Checkup
P099,Dermatology,2026-09-01 10:00:00,2026-09-01 10:29:00,2026-09-01 10:59:00,2026-09-01 11:26:00,Dr. Nisha,Tuesday,New Patient
P100,Pediatrics,2026-09-02 12:15:00,2026-09-02 12:31:00,2026-09-02 13:05:00,2026-09-02 13:41:00,Dr. Suresh,Wednesday,New Patient
